MIC,INSTITUTION DESCRIPTION,CC,COUNTRY,CITY,ACR,DATE,STATUS
360T,360T,DE,GERMANY,FRANKFURT, ,September 2007,Active
AFET,AGRICULTURAL FUTURES EXCHANGE OF THAILAND,TH,THAILAND,BANGKOK,,January 2008,Active
ALTX,ALTERNATIVE EXCHANGE,ZA,SOUTH AFRICA,JOHANNESBURG,ALTX,August 2006,Active
ALXA,NYSE EURONEXT - ALTERNEXT AMSTERDAM,NL,THE NETHERLANDS,AMSTERDAM, ,August 2007,Active
ALXB,NYSE EURONEXT - ALTERNEXT BRUSSELS,BE,BELGIUM,BRUSSELS, ,August 2007,Active
ALXP,NYSE EURONEXT - ALTERNEXT PARIS,FR,FRANCE,PARIS, ,August 2007,Active
AMTS,MTS AMSTERDAM N.V.,NL,THE NETHERLANDS,AMSTERDAM, ,November 2005,Active
AMXO,NYSE AMEX OPTIONS,US,UNITED STATES OF AMERICA,NEW YORK,NYSE,November 2008,Active
AQUA,AQUA EQUITIES L.P.,US,UNITED STATES OF AMERICA,NEW YORK,,September 2008,Active
ARCO,NYSE ARCA OPTIONS,US,UNITED STATES OF AMERICA,NEW YORK,,October 2009,Active
ARCX,NYSE ARCA,US,UNITED STATES OF AMERICA,NEW YORK,NYSE,September 2006,Active
AWBX,AUSTRALIAN WHEAT BOARD,AU,AUSTRALIA,MELBOURNE,AWB,September 2006,Active
AWEX,AUSTRALIAN WOOL EXCHANGE,AU,AUSTRALIA,LANE COVE,AWEX,September 2006,Active
BACE,BUENOS AIRES CEREAL EXCHANGE,AR,ARGENTINA,BUENOS AIRES,,June 2008,Active
BAIK,BAIKAL,GB,UNITED KINGDOM,LONDON,,August 2008,Active
BALT,THE BALTIC EXCHANGE,GB,UNITED KINGDOM,LONDON,,November 2008,Active
BAPX,BALTPOOL,LT,LITHUANIA,VILNIUS,,March 2010,Active
BARX,BARCLAY'S ATS,US,UNITED STATES OF AMERICA,NEW YORK,,January 2010,Active
BATE,BATS EUROPE,GB,UNITED KINGDOM,LONDON,,November 2008,Active
BATO,BATS EXCHANGE OPTIONS MARKET,US,UNITED STATES OF AMERICA,NEW YORK,BATS,November 2009,Active
BATS,BATS EXCHANGE,US,UNITED STATES OF AMERICA,NEW YORK,BATS,November 2008,Active
BATY,BATS Y-EXCHANGE INC.,US,UNITED STATES OF AMERICA,NEW YORK,BATS,November 2009,Active
BCFS,BOLSA DE COMERCIO DE SANTA FE,AR,ARGENTINA,SANTA FE,,November 2007,Active
BCSE,BELARUS CURRENCY AND STOCK EXCHANGE,BY,BELARUS,MINSK,BCSE,August 2006,Active
BEEX,BOND ELECTRONIC EXCHANGE,TH,THAILAND,BANGKOK,,November 2007,Active
BERA,BOERSE BERLIN - REGULIERTER MARKT,DE,GERMANY,BERLIN,,February 2008,Active
BERB,BOERSE BERLIN - FREIVERKHER,DE,GERMANY,BERLIN,,February 2008,Active
BGCF,BGC FINANCIAL INC,US,UNITED STATES OF AMERICA,NEW YORK,,September 2007,Active
BGCI,BGC BROKERS LP,GB,UNITED KINGDOM,LONDON, ,October 2007,Active
BIDS,BIDS TRADING L.P.,US,UNITED STATES OF AMERICA,NEW YORK,BIDS,February 2007,Active
BLKX,BLOCKCROSS,GB,UNITED KINGDOM,LONDON,,July 2009,Active
BLNK,BLINK,GB,UNITED KINGDOM,LONDON,,September 2009,Active
BLOX,BLOCKMATCH,GB,UNITED KINGDOM,LONDON, ,November 2007,Active
BLPX,BELGIAN POWER EXCHANGE,BE,BELGIUM,BRUSSELS,BLPX,November 2007,Active
BLTD,BLOOMBERG TRADEBOOK LLC,US,UNITED STATES OF AMERICA,NEW YORK,,November 2007,Active
BMFM,DERIVATIVES REGULATED MARKET - BMFMS,RO,ROMANIA,SIBIU,BMFMS,January 2008,Active
BMTS,MTS BELGIUM,BE,BELGIUM,BRUSSELS, ,November 2005,Active
BNDD,BONDDESK,US,UNITED STATES OF AMERICA,MILL VALLEY, ,August 2007,Active
BOAT,MARKIT BOAT,GB,UNITED KINGDOM,LONDON,,June 2008,Active
BOND,BONDVISION,IT,ITALY,ROMA, ,November 2005,Active
BOSC,BONDSCAPE,GB,UNITED KINGDOM,LONDON, ,November 2007,Active
BSEX,BAKU STOCK EXCHANGE,AZ,AZERBAIJAN ,BAKU, ,September 2007,Active
BTEC,ICAP ELECTRONIC BROKING (US),US,UNITED STATES OF AMERICA,JERSEY CITY, ,June 2007,Active
BTEE,ICAP ELECTRONIC BROKING (EUROPE),GB,UNITED KINGDOM,LONDON, ,June 2007,Active
BURG,BURGUNDY NORDIC MTF,SE,SWEDEN,STOCKHOLM,,April 2009,Active
BVCA,BOLSA ELECTRONICA DE VALORES DE CARACAS,VE,VENEZUELA,CARACAS,,May 2008,Active
BVUR,BOLSA ELECTRONICA DE VALORES DEL URUGUAY,UY,URUGUAY,MONTEVIDEO,,December 2009,Active
C2OX,C2 OPTIONS EXCHANGE INC.,US,UNITED STATES OF AMERICA,CHICAGO,,May 2009,Active
CAES,CREDIT SUISSE AES CROSSFINDER,US,UNITED STATES OF AMERICA,NEW YORK,,September 2009,Active
CANX,CANNEX FINANCIAL EXCHANGE LTS,CA,CANADA,TORONTO,CANNEX,June 2005,Active
CAZE,THE CAZENOVE MTF,GB,UNITED KINGDOM,LONDON, ,November 2007,Active
CBSX,CBOE STOCK EXCHANGE,US,UNITED STATES OF AMERICA,CHICAGO,CBSX,July 2008,Active
CCFE,CHICAGO CLIMATE FUTURES EXCHANGE,US,UNITED STATES OF AMERICA,CHICAGO, ,June 2007,Active
CCFX,CHINA FINANCIAL FUTURES EXCHANGE ,CN,CHINA,SHANGHAI,,September 2007,Active
CCLX,FINESTI S.A.,LU,LUXEMBOURG,LUXEMBOURG,CCLux,April 2009,Active
CCO2,CANTORCO2E.COM LIMITED,GB,UNITED KINGDOM,LONDON, ,July 2007,Active
CETI,CETIP SA - BALCAO ORGANIZADO DE ATIVOS E DERIVATIVOS,BR,BRAZIL,RIO DE JANEIRO,,September 2009,Active
CETO,MTS-CeTO S.A.,PL,POLAND,WARSAW, ,June 2005,Active
CHIA,CHI-X AUSTRALIA,HK,HONG KONG,HONG KONG,,March 2010,Modified
CHIC,CHI-X CANADA ATS,CA,CANADA,TORONTO,,February 2008,Active
CHIE,CHI-EAST,SG,SINGAPORE,SINGAPORE,,December 2009,Active
CHIJ,CHI-X JAPAN,JP,JAPAN,TOKYO,,February 2010,Active
CHIX,CHI-X EUROPE LIMITED.,GB,UNITED KINGDOM,LONDON,CHI-X,October 2007,Active
CITX,CITI MATCH,JP,JAPAN,TOKYO,,July 2009,Active
CLMX,CLIMEX,NL,THE NETHERLANDS,UTRECHT, ,July 2009,Active
CMTS,EUROCREDIT MTS,GB,UNITED KINGDOM,LONDON, ,November 2005,Active
CRDL,COREDEAL MTS,GB,UNITED KINGDOM,LONDON, ,August 2006,Active
CXRT,CREDITEX REALTIME,GB,UNITED KINGDOM,LONDON, ,September 2007,Active
DAMP,DANISH AUTHORISED MARKET PLACE LTD.,DK,DENMARK,COPENHAGEN,Dansk AMP,October 2005,Active
DBOX,DEUTSCHE BANK OFF EXCHANGE TRADING,DE,GERMANY,FRANKFURT, ,February 2010,Active
DGCX,DUBAI GOLD & COMMODITIES EXCHANGE DMCC,AE,UNITED ARAB EMIRATES ,DUBAI,DGCX,December 2005,Active
DIFX,NASDAQ DUBAI,AE,UNITED ARAB EMIRATES ,DUBAI,DIFX,December 2008,Active
DKTC,DANSK OTC,DK,DENMARK,HORSENS, ,September 2007,Active
DSMD,QATAR EXCHANGE,QA,QATAR,DOHA,DSM,November 2009,Active
DUMX,DUBAI MERCANTILE EXCHANGE,AE,UNITED ARAB EMIRATES ,DUBAI, ,July 2007,Active
DUSA,BOERSE DUESSELDORF - REGULIERTER MARKT,DE,GERMANY,DUESSELDORF,,February 2008,Active
DUSB,BOERSE DUESSELDORF - FREIVERKEHR,DE,GERMANY,DUESSELDORF,,February 2008,Active
DUSC,BOERSE DUESSELDORF - QUOTRIX - REGULIERTER MARKT,DE,GERMANY,DUESSELDORF,,August 2008,Active
DUSD,BOERSE DUESSELDORF - QUOTRIX MTF,DE,GERMANY,DUESSELDORF,,August 2008,Active
ECAG,EUREX CLEARING AG,DE,GERMANY,FRANKFURT, ,November 2005,Active
ECXE,EUROPEAN CLIMATE EXCHANGE,NL,THE NETHERLANDS,AMSTERDAM,,September 2008,Active
EDGA,DIRECT EDGE ECN (EDGA),US,UNITED STATES OF AMERICA,JERSEY CITY, ,February 2007,Active
EDGX,DIRECT EDGE ECN (EDGX),US,UNITED STATES OF AMERICA,JERSEY CITY, ,February 2007,Active
EMDR,E-MID - E-MIDER MARKET,IT,ITALY,MILANO,,June 2008,Active
EMID,E-MID SIM,IT,ITALY,MILANO,,July 2008,Active
EMTF,EURO MTF,LU,LUXEMBOURG,LUXEMBOURG, ,June 2005,Active
EMTS,EUROMTS,GB,UNITED KINGDOM,LONDON,EMTS,June 2005,Active
ENAX,ATHENS EXCHANGE ALTERNATIVE MARKET,GR,GREECE,ATHENS,ENAX,November 2007,Active
ENXB,NYSE EURONEXT - EASY NEXT,BE,BELGIUM,BRUSSELS,,June 2008,Active
ENXL,NYSE EURONEXT - EASYNEXT LISBON,PT,PORTUGAL,LISBOA, ,August 2007,Active
EOTC,E-OTC,HK,HONG KONG,HONG KONG,,February 2010,Active
EPEX,EPEX SPOT SE,FR,FRANCE,PARIS,,September 2009,Active
EQTA,BOERSE BERLIN EQUIDUCT TRADING - REGULIERTER MARKT,DE,GERMANY,BERLIN,,May 2008,Active
EQTB,BOERSE BERLIN EQUIDUCT TRADING - BERLIN SECOND REGULATED MARKET,DE,GERMANY,BERLIN,,March 2010,Modified
ETFP,ELECTRONIC OPEN-END FUNDS AND ETC MARKET,IT,ITALY,MILANO,ETFplus,September 2007,Active
ETLX,EUROTLX,IT,ITALY,MILANO, ,August 2007,Active
EUWX,EUWAX,DE,GERMANY,STUTTGART,EUWAX,June 2005,Active
EXAA,AUSTRIAN ENERGY EXCHANGE,AT,AUSTRIA,VIENNA,EXAA,May 2007,Active
FAIR,CANTOR SPREADFAIR,GB,UNITED KINGDOM,LONDON, ,September 2007,Active
FCBT,CHICAGO BOARD OF TRADE (FLOOR),US,UNITED STATES OF AMERICA,CHICAGO,CBOT (FLOOR),February 2007,Active
FCME,CHICAGO MERCANTILE EXCHANGE (FLOOR),US,UNITED STATES OF AMERICA,CHICAGO,CME (FLOOR),February 2007,Active
FISH,FISH POOL ASA,NO,NORWAY,BERGEN, ,June 2007,Active
FMTS,MTS FRANCE SAS,FR,FRANCE,PARIS, ,November 2005,Active
FNEE,FIRST NORTH ESTONIA,EE,ESTONIA,TALLINN, ,November 2009,Active
FNFI,FIRST NORTH FINLAND,FI,FINLAND,HELSINKI,,March 2008,Active
FNLT,FIRST NORTH LITHUANIA,LT,LITHUANIA,VILNIUS,,October 2009,Active
FNLV,FIRST NORTH LATVIA,LV,LATVIA,RIGA,,March 2008,Active
FNSE,FIRST NORTH STOCKHOLM,SE,SWEDEN,STOCKHOLM,,January 2008,Active
FRAA,BOERSE FRANKFURT - REGULIERTER MARKT,DE,GERMANY,FRANKFURT,,March 2008,Active
FRAB,BOERSE FRANKFURT - FREIVERKEHR,DE,GERMANY,FRANKFURT,,March 2008,Active
FRRF,FONDS DES RENTES / RENTENFONDS,BE,BELGIUM,BRUSSELS, ,October 2005,Active
FSHX,FISHEX,NO,NORWAY,TROMSO,,September 2007,Active
FXAL,FXALL,US,UNITED STATES OF AMERICA,NEW YORK,,February 2009,Active
GEMX,GEMMA (GILT EDGED MARKET MAKERS’ASSOCIATION),GB,UNITED KINGDOM,LONDON,GEMMA,June 2005,Active
GFIA,GFI GROUP,GB,UNITED KINGDOM,LONDON, ,February 2010,Active
GFIC,GFI CREDITMATCH,GB,UNITED KINGDOM,LONDON, ,August 2007,Active
GFIF,GFI FOREXMATCH,GB,UNITED KINGDOM,LONDON, ,August 2007,Active
GFIM,GFI MARKETMATCH,GB,UNITED KINGDOM,LONDON,,December 2008,Active
GFIN,GFI ENERGYMATCH,GB,UNITED KINGDOM,LONDON, ,April 2009,Active
GLBX,CME GLOBEX,US,UNITED STATES OF AMERICA,CHICAGO,,September 2008,Active
GMTS,MTS DEUTSCHLAND AG,DE,GERMANY,FRANKFURT, ,November 2005,Active
GREE,THE GREEN EXCHANGE,US,UNITED STATES OF AMERICA,CHICAGO, ,September 2009,Active
GTCO,GETCO EXECUTION SERVICES LLC,US,UNITED STATES OF AMERICA,NEW YORK,,September 2008,Active
GXMA,GX MARKETCENTER,VU,VANATUA,VILA,,Decembre 2009,Active
HAMA,BOERSE HAMBURG - REGULIERTER MARKT,DE,GERMANY,HAMBURG,,February 2008,Active
HAMB,BOERSE HAMBURG - FREIVERKEHR,DE,GERMANY,HAMBURG,,February 2008,Active
HANA,BOERSE HANNOVER - REGULIERTER MARKT,DE,GERMANY,HANNOVER,,February 2008,Active
HANB,BOERSE HANNOVER - FREIVERKEHR,DE,GERMANY,HANNOVER,,February 2008,Active
HDAT,ELECTRONIC SECONDARY SECURITIES MARKET (HDAT),GR,GREECE,ATHENS,HDAT,June 2005,Active
HEGX,HEDGESTREET EXCHANGE,US,UNITED STATES OF AMERICA,SAN MATEO, ,December 2006,Active
HKME,HONG KONG MERCANTILE EXCHANGE,HK,HONG KONG,HONG KONG,HKMEX,November 2008,Active
HMOD,HI-MTF ORDER DRIVEN,IT,ITALY,MILANO,,July 2008,Active
HMTF,HI-MTF,IT,ITALY,MILANO,,November 2007,Active
HOTC,HELLENIC EXCHANGE OTC MARKET,GR,GREECE,ATHENS,,August 2008,Active
HSFX,HOTSPOT FX,US,UNITED STATES OF AMERICA,JERSEY CITY,,January 2009,Active
HSTC,HANOI STOCK EXCHANGE,VN,VIET NAM,HANOI,Hanoi STC,July 2009,Active
HUPX,HUNGARIAN POWER EXCHANGE,HU,HUNGARY,BUDAPEST,HUPX,April 2009,Active
IBLX,INSTINET BLX,US,UNITED STATES OF AMERICA,NEW YORK,,June 2009,Active
ICAH,ICAP SHIPPING TANKER DERIVATIVES LIMITED,GB,UNITED KINGDOM,LONDON, ,October 2008,Active
ICAP,ICAP EUROPE,GB,UNITED KINGDOM,LONDON, ,June 2007,Active
ICAS,ICAP ENERGY AS,NO,NORWAY,BERGEN,,July 2008,Active
ICBX,INSTINET CBX (US),US,UNITED STATES OF AMERICA,NEW YORK,,November 2008,Active
ICDX,INDONESIA COMMODITY AND DERIVATIVES EXCHANGE,ID,INDONESIA,JAKARTA,,February 2010,Active
ICEL,ISLAND ECN LTD THE ,US,UNITED STATES OF AMERICA,NEW YORK, ,June 2005,Active
ICEN,ICAP ENERGY,GB,UNITED KINGDOM,LONDON, ,June 2007,Active
ICEU,INTERCONTINENTAL EXCHANGE - ICE FUTURES EUROPE,GB,UNITED KINGDOM,LONDON,ICE,March 2008,Active
ICRO,INSTINET VWAP CROSS,US,UNITED STATES OF AMERICA,NEW YORK,,June 2009,Active
ICSE,ICAP SECURITIES,GB,UNITED KINGDOM,LONDON, ,June 2007,Active
ICTQ,ICAP TRUEQUOTE,GB,UNITED KINGDOM,LONDON, ,March 2010,Active
ICUS,ICE FUTURES U.S. INC,US,UNITED STATES OF AMERICA,NEW YORK,ICE,June 2008,Active
IEPA,INTERCONTINENTAL EXCHANGE,US,UNITED STATES OF AMERICA,ATLANTA,ICE,March 2008,Active
IIDX,INSTINET IDX,US,UNITED STATES OF AMERICA,NEW YORK,,June 2009,Active
IMTS,MTS IRELAND,GB,UNITED KINGDOM,LONDON, ,November 2005,Active
ISEC,FIRST NORTH ICELAND,IS,ICELAND,REYKJAVIK,,September 2007,Active
ISEX,INTER-CONNECTED STOCK EXCHANGE OF INDIA LTD,IN,INDIA,MUMBAI,ISE,September 2007,Active
ITGI,ITG - POSIT EXCHANGE,US,UNITED STATES OF AMERICA,NEW YORK, ,December 2005,Active
IXSP,INTERNATIONAL STOCK EXCHANGE SAINT-PETERSBOURG,RU,RUSSIA,SAINT-PETERSBURG,IXSP,March 2008,Active
JADX,JOINT ASIAN DERIVATIVES EXCHANGE,SG,SINGAPORE,SINGAPORE, ,May 2007,Active
JASR,JAPANCROSSING,JP,JAPAN,TOKYO, ,September 2007,Active
JATA,JASDAQ TACHIAIGAI (OFF-FLOOR MARKET),JP,JAPAN,TOKYO,,December 2009,Active
KABU,KABU.COM PTS,JP,JAPAN,TOKYO,,October 2008,Active
KLEU,KNIGHT LINK EUROPE,GB,UNITED KINGDOM,LONDON,,April 2009,Active
KMTS,EUROMTS LINKERS MARKET,GB,UNITED KINGDOM,LONDON, ,November 2005,Active
KNLI,KNIGHT LINK,US,UNITED STATES OF AMERICA,JERSEY CITY,,December 2008,Active
KNMX,KNIGHT MATCH ATS,US,UNITED STATES OF AMERICA,JERSEY CITY,,December 2008,Active
LAFX,LAVAFX,US,UNITED STATES OF AMERICA,NEW YORK,,March 2009,Active
LEVL,LEVEL ATS,US,UNITED STATES OF AMERICA,BOSTON,LEVEL,February 2007,Active
LIQU,LIQUIDNET SYSTEMS,GB,UNITED KINGDOM,LONDON,  ,September 2007,Active
LMAE,LMAX - EQUITIES,GB,UNITED KINGDOM,LONDON, ,January 2010,Active
LMAF,LMAX - FX,GB,UNITED KINGDOM,LONDON, ,January 2010,Active
LMAO,LMAX - INDICES/RATES/COMMODITIES,GB,UNITED KINGDOM,LONDON, ,January 2010,Active
LMAX,LMAX,GB,UNITED KINGDOM,LONDON, ,December 2009,Active
LMTS,EUROGLOBALMTS,GB,UNITED KINGDOM,LONDON,  ,November 2005,Active
LPPM,LONDON PLATINUM AND PALLADIUM MARKET,GB,UNITED KINGDOM,LONDON,LPPM,April 2007,Active
MABX,MERCADO ALTERNATIVO BURSATIL,ES,SPAIN,MADRID,MAB,July 2007,Active
MACX,MERCATO ALTERNATIVO DEL CAPITALE,IT,ITALY,MILANO,MAC,October 2007,Active
MAEL,MARKETAXESS EUROPE LIMITED,GB,UNITED KINGDOM,LONDON, ,July 2007,Active
MATN,MATCH NOW,CA,CANADA,TORONTO,,January 2008,Active
MDIP,MEDIP  (MTS PORTUGAL SGMR SA),PT,PORTUGAL,LISBOA,MEDIP,June 2007,Active
MESQ,MESDAQ,MY,MALAYSIA,KUALA LUMPUR,,September 2008,Active
MFGL,MF GLOBAL ENERGY MTF,GB,UNITED KINGDOM,LONDON, ,November 2007,Active
MFOX,NYSE EURONEXT - MERCADO DE FUTUROS E OPÇÕES,PT,PORTUGAL,LISBOA, ,November 2007,Active
MIVX,MARKET FOR INVESTMENT VEHICULES,IT,ITALY,MILANO,MIV,June 2009,Active
MLXB,NYSE EURONEXT - MARCHE LIBRE BRUSSELS,BE,BELGIUM,BRUSSELS, ,August 2007,Active
MOTX,ELECTRONIC BOND MARKET,IT,ITALY,MILANO,MOT,September 2007,Active
MSPL,MS POOL ATS,US,UNITED STATES OF AMERICA,NEW YORK,,March 2010,Active
MTAA,ELECTRONIC SHARE MARKET,IT,ITALY,MILANO,MTA,September 2007,Active
MTSA,MTS AUSTRIAN MARKET,GB,UNITED KINGDOM,LONDON, ,November 2005,Active
MTSC,MTS S.P.A.,IT,ITALY,ROMA,MTS Italy,November 2005,Active
MTSD,MTS DENMARK,BE,BELGIUM,BRUSSELS, ,November 2005,Active
MTSF,MTS FINLAND,BE,BELGIUM,BRUSSELS, ,November 2005,Active
MTSG,MTS GREEK MARKET,GB,UNITED KINGDOM,LONDON, ,November 2005,Active
MTSM,MTS CORPORATE MARKET,IT,ITALY,ROMA,MTS Italy,January 2008,Active
MTSP,MTS POLAND,PL,POLAND,WARSAW, ,November 2005,Active
MTSS,MTS SWAP MARKET,GB,UNITED KINGDOM,LONDON, ,October 2007,Active
MUNA,BOERSE MUENCHEN - REGULIERTER MARKT,DE,GERMANY,MUENCHEN,,February 2008,Active
MUNB,BOERSE MUENCHEN - FREIVERKEHR,DE,GERMANY,MUENCHEN,,February 2008,Active
MVCX,MERCADO DE VALORES DE CORBODA,AR,ARGENTINA,CORDOBA, ,November 2007,Active
MYTR,MYTREASURY,GB,UNITED KINGDOM,LONDON,,September 2007,Active
N2EX,N2EX,GB,UNITED KINGDOM,LONDON, ,November 2009,Active
NASB,NASDAQ OMX BALTIC,LT,LITHUANIA,VILNIUS, ,September 2009,Active
NBOT,NATIONAL BOARD OF TRADE LIMITED,IN,INDIA,INDORE MADHYA PRADESH,,January 2009,Active
NCEL,NATIONAL COMMODITY EXCHANGE LIMITED,PK,PAKISTAN,KARACHI,NCEL,April 2009,Active
NDEX,EUROPEAN ENERGY DERIVATIVES EXCHANGE N.V.,NL,THE NETHERLANDS,AMSTERDAM,ENDEX,May 2007,Active
NLPX,APX POWER NL,NL,THE NETHERLANDS,AMSTERDAM, ,June 2006,Active
NMCE,NATIONAL MULTI-COMMODITY EXCHANGE OF INDIA,IN,INDIA,AHMEDABAD, ,November 2007,Active
NMTF,NORDIC MTF,SE,SWEDEN,STOCKHOLM,,November 2007,Active
NMTS,NEW EUROMTS,GB,UNITED KINGDOM,LONDON, ,November 2005,Active
NNCS,NIZHNY NOVGOROD STOCK AND CURRENCY EXCHANGE,RU,RUSSIA,NIZHNIY NOVGOROD ,NCSE,November 2007,Active
NODX,NODAL EXCHANGE,US,UNITED STATES OF AMERICA,VIENNA,,December 2009,Active
NORX,NORD POOL ASA,NO,NORWAY,OLSO, ,June 2006,Active
NOTC,NORWEGIAN OVER THE COUNTER MARKET,NO,NORWAY,OLSO,NOTC,June 2005,Active
NSXB,BENDIGO STOCK EXCHANGE LIMITED,AU,AUSTRALIA,MELBOURNE,BSX,June 2007,Active
NURO,NASDAQ OMX EUROPE,GB,UNITED KINGDOM,LONDON,,September 2008,Active
NXEU,NX,GB,UNITED KINGDOM,LONDON,,June 2009,Active
NYFX,EURO-MILLENNIUM,GB,UNITED KINGDOM,LONDON, ,September 2007,Active
NZFX,NEW ZEALAND FUTURES & OPTIONS,NZ,NEW ZEALAND,AUCKLAND,NZFOX,September 2007,Active
OILX,OILX,GB,UNITED KINGDOM,LONDON,,July 2009,Active
OMEL,OPERADOR DE MERCADO IBERICO DE ENERGIA - SPAIN,ES,SPAIN,MADRID,OMEL,May 2007,Active
OMGA,OMEGA ATS,CA,CANADA,TORONTO,,January 2008,Active
OMIP,OPERADOR DE MERCADO IBERICO DE ENERGIA - PORTUGAL,PT,PORTUGAL,LISBOA,OMIP,May 2007,Active
OOTC,OTC BULLETIN BOARD - OTHER OTC,US,UNITED STATES OF AMERICA,WASHINGTON,OTCBB,June 2008,Active
OPEX,PEX-PRIVATE EXCHANGE,PT,PORTUGAL,LISBOA,OPEX,June 2005,Active
OTCQ,OTCQX,US,UNITED STATES OF AMERICA,NEW YORK,,August 2008,Active
OTCX,OTC EXCHANGE OF INDIA,IN,INDIA,MUMBAI,OTCEI,June 2006,Active
PFTS,FIRST SECURITIES TRADING SYSTEM - UKRAINIAN OTC,UA,UKRAINE,KIEV,PFTS,June 2005,Active
PIEU,PIPELINE - MTF,GB,UNITED KINGDOM,LONDON,,May 2009,Active
PINX,PINK SHEETS LLC (NQB),US,UNITED STATES OF AMERICA,NEW YORK, ,June 2005,Active
PIPE,PIPELINE,US,UNITED STATES OF AMERICA,NEW YORK, ,November 2006,Active
PLPX,TOWAROWA GIELDA ENERGII S.A. (POLISH POWER EXCHANGE),PL,POLAND,WARSAW,TGE,July 2007,Active
PLUS,BOERSE MUENCHEN - FREIVERKHER - PLUS - EUROPE,DE,GERMANY,MUENCHEN,,April 2009,Active
PSGM,PINK SHEETS GREY MARKET,US,UNITED STATES OF AMERICA,NEW YORK,,June 2008,Active
PURE,PURE TRADING,CA,CANADA,TORONTO, ,December 2006,Active
PXIL,POWER EXCHANGE INDIA LTD.,IN,INDIA,MUMBAI,,July 2009,Active
QMTF,QUOTE MTF,HU,HUNGARY,BUDAPEST,,December 2008,Active
QMTS,MTS QUASI GOVERNMENT,GB,UNITED KINGDOM,LONDON, ,November 2005,Active
QWIX,Q-WIXX PLATFORM,GB,UNITED KINGDOM,LONDON, ,September 2007,Active
RMTS,MTS ISRAEL,GB,UNITED KINGDOM,LONDON, ,August 2007,Active
ROCO,GRETAI SECURITIES MARKET,TW,TAIWAN,TAIPEI, ,June 2005,Active
ROFX,ROSARIO FUTURE EXCHANGE,AR,ARGENTINA,ROSARIO,ROFEX,October 2009,Active
ROTC,RWANDA OTC MARKET,RW,RWANDA,KIGALI,,June 2008,Active
RPDX,ARENA,RU,RUSSIA,MOSCOW,,March 2010,Active
RPWC,CETO SECURITIES MARKET,PL,POLAND,WARSAW, ,October 2007,Active
RTSL,REUTERS TRANSACTION SERVICES LIMITED,GB,UNITED KINGDOM,LONDON,RTSL,August 2007,Active
RTSX,RUSSIAN TRADING SYSTEM STOCK EXCHANGE,RU,RUSSIA,MOSCOW,RTS,June 2005,Active
SBIJ,JAPANNEXT PTS,JP,JAPAN,TOKYO,,April 2008,Active
SBMF,SPOT REGULATED MARKET - BMFMS,RO,ROMANIA,SIBIU,,February 2010,Active
SECF,SECFINEX,GB,UNITED KINGDOM,LONDON,,January 2009,Active
SEDX,SECURITISED DERIVATIVES MARKET,IT,ITALY,MILANO,SeDeX,September 2007,Active
SGEX,SHANGHAI GOLD EXCHANGE,CN,CHINA,SHANGHAI,SGE,June 2006,Active
SGMA,GOLDMAN SACH MTF,US,UNITED STATES OF AMERICA,NEW YORK,,March 2008,Active
SGMX,SIGMA X MTF,GB,UNITED KINGDOM,LONDON,,February 2010,Active
SHAR,SHAREMARK,GB,UNITED KINGDOM,AYLESBURY, ,September 2007,Active
SMEX,SINGAPORE MERCANTILE EXCHANGE PTE LTD,SG,SINGAPORE,SINGAPORE,,December 2009,Active
SMTS,MTS SPAIN S.A.,ES,SPAIN,MADRID, ,November 2005,Active
SPEC,SPECTRONLIVE,GB,UNITED KINGDOM,LONDON,,September 2007,Active
SPRZ,SPREADZERO,GB,UNITED KINGDOM,LONDON,,September 2009,Active
SSOB,SSO BONDVISION,IT,ITALY,ROMA, ,October 2007,Active
STUA,BOERSE STUTTGART - REGULIERTER MARKT,DE,GERMANY,STUTTGART,,February 2008,Active
STUB,BOERSE STUTTGART - FREIVERKEHR,DE,GERMANY,STUTTGART,,February 2008,Active
SWAP,SWAPSTREAM,GB,UNITED KINGDOM,LONDON,,September 2007,Active
TBEN,TULLETT PREBON PLC - TULLET PREBON ENERGY,GB,UNITED KINGDOM,LONDON,,September 2007,Active
TBLA,TULLETT PREBON PLC - TP TRADEBLADE,GB,UNITED KINGDOM,LONDON,,June 2008,Active
TCDS,TRADITION CDS,GB,UNITED KINGDOM,LONDON, ,August 2007,Active
TFEX,THAILAND FUTURES EXCHANGE,TH,THAILAND,BANGKOK,TFEX,June 2006,Active
TFSG,TFS GREEN SCREEN,GB,UNITED KINGDOM,LONDON, ,August 2007,Active
TFSS,TFS VARIANCE SWAPS SYSTEM,GB,UNITED KINGDOM,LONDON, ,August 2007,Active
TFSV,VOLBROKER,GB,UNITED KINGDOM,LONDON, ,August 2007,Active
THRD,THIRD MARKET CORPORATION,US,UNITED STATES OF AMERICA,CHICAGO,eTHRD,June 2005,Active
TMTS,EUROBENCHMARK TRES. BILLS,GB,UNITED KINGDOM,LONDON, ,November 2005,Active
TNLA,NYSE EURONEXT - TRADED BUT NOT LISTED AMSTERDAM,NL,THE NETHERLANDS,AMSTERDAM, ,August 2007,Active
TNLB,NYSE EURONEXT - TRADING FACILITY BRUSSELS,BE,BELGIUM,BRUSSELS, ,August 2007,Active
TOMX,TOM THE ORDER MACHINE,NL,THE NETHERLANDS,AMSTERDAM,,February 2010,Active
TPCD,TULLETT PREBON PLC - TP CREDITDEAL,GB,UNITED KINGDOM,LONDON,,June 2008,Active
TPIE,THE PROPERTY INVESTMENT EXCHANGE,GB,UNITED KINGDOM,LONDON, ,October 2007,Active
TPIM,THE PROPERTY INVESTMENT MARKET,GB,UNITED KINGDOM,LONDON, ,October 2007,Active
TPRE,TULLETT PREBON PLC - TP REPO,GB,UNITED KINGDOM,LONDON,,June 2008,Active
TREU,TRADEWEB EUROPE LIMITED ,GB,UNITED KINGDOM,LONDON, ,June 2005,Active
TRQX,TURQUOISE,GB,UNITED KINGDOM,LONDON, ,September 2007,Active
TRWB,TRADEWEB LLC,US,UNITED STATES OF AMERICA,JERSEY CITY, ,June 2005,Active
UKPX,APX POWER UK,GB,UNITED KINGDOM,LONDON, ,June 2006,Active
UMTS,MTS CEDULAS MARKET,GB,UNITED KINGDOM,LONDON, ,November 2005,Active
URCE,URALS REGIONAL CURRENCY EXCHANGE ,RU,RUSSIA,EKATERINBURG,URCEX,June 2005,Active
VEGA,VEGA-CHI,GB,UNITED KINGDOM,LONDON,,September 2009,Active
VMTS,MTS SLOVENIA,GB,UNITED KINGDOM,LONDON, ,August 2007,Active
VPXB,NYSE EURONEXT - VENTES PUBLIQUES BRUSSELS,BE,BELGIUM,BRUSSELS, ,August 2007,Active
VTEX,VORTEX,US,UNITED STATES OF AMERICA,NEW YORK,,March 2009,Active
WBAH,WIENER BOERSE AG AMTLICHER HANDEL (OFFICIAL MARKET) ,AT,AUSTRIA,VIENNA, ,July 2007,Active
WBDM,WIENER BOERSE AG DRITTER MARKT (THIRD MARKET),AT,AUSTRIA,VIENNA, ,July 2007,Active
WBGF,WIENER BOERSE AG GEREGELTER FREIVERKEHR (SEMI-OFFICIAL MARKET),AT,AUSTRIA,VIENNA, ,July 2007,Active
WCLK,ICAP WCLK,GB,UNITED KINGDOM,LONDON, ,June 2007,Active
WQXL,NYSE EURONEXT - MARKET WITHOUT QUOTATIONS LISBON,PT,PORTUGAL,LISBOA, ,August 2007,Active
XA1X,A1,AR,ARGENTINA,BUENOS AIRES, ,December 2005,Active
XADE,ATHENS EXCHANGE S.A. DERIVATIVES MARKET,GR,GREECE,ATHENS,ATHEXD,November 2007,Active
XADF,FINRA ALTERNATIVE DISPLAY FACILITY,US,UNITED STATES OF AMERICA,WASHINGTON/NEW YORK,,February 2008,Active
XADS,ABU DHABI SECURITIES MARKET,AE,UNITED ARAB EMIRATES ,ABU DHABI,ADSM,June 2005,Active
XAFR,ALTERNATIVA FRANCE,FR,FRANCE,PARIS,,June 2008,Active
XAIM,AIM ITALIA,IT,ITALY,MILAN,,January 2009,Active
XALG,ALGIERS STOCK EXCHANGE,DZ,ALGERIA,ALGIERS,,June 2005,Active
XALT,ALTEX-ATS,GB,UNITED KINGDOM,LONDON, ,June 2007,Active
XAMM,AMMAN STOCK EXCHANGE,JO,JORDAN,AMMAN,ASE,June 2005,Active
XAMS,NYSE EURONEXT - EURONEXT AMSTERDAM,NL,THE NETHERLANDS,AMSTERDAM, ,June 2005,Active
XAPI,REGIONAL EXCHANGE CENTER - MICEX FAR EAST,RU,RUSSIA,VLADIVOSTOK,MICEX FAR EAST,November 2007,Active
XAQS,AUTOMATED EQUITY FINANCE MARKETS,US,UNITED STATES OF AMERICA,NEW YORK,AQS,October 2008,Active
XARM,ARMENIAN STOCK EXCHANGE,AM,ARMENIA,YEREVAN,ARMEX,June 2005,Active
XASE,NYSE AMEX EQUITIES,US,UNITED STATES OF AMERICA,NEW YORK,AMEX,May 2009,Active
XASM,IRISH STOCK EXCHANGE - GLOBAL EXCHANGE MARKET,IE,IRELAND,DUBLIN,ASM,October 2009,Active
XASX,AUSTRALIAN SECURITIES EXCHANGE LIMITED,AU,AUSTRALIA,SYDNEY,ASX,September 2008,Active
XATH,ATHENS EXCHANGE S.A. CASH MARKET,GR,GREECE,ATHENS,ATHEXC,November 2007,Active
XATS,ALPHA ATS,CA,CANADA,TORONTO,,July 2008,Active
XBAA,BAHAMAS INTERNATIONAL SECURITIES EXCHANGE,BS,BAHAMAS,NASAU,BISX,June 2005,Active
XBAB,BARBADOS STOCK EXCHANGE,BB,BARBADOS,BRIDGETOWN,BSE,June 2005,Active
XBAH,BAHRAIN STOCK EXCHANGE,BH,BAHRAIN,MANAMA,BSE,June 2005,Active
XBAN,BANGALORE STOCK EXCHANGE LTD,IN,INDIA,BANGALORE, ,June 2005,Active
XBAR,BARCELONA STOCK EXCHANGE,ES,SPAIN,BARCELONA, ,June 2005,Active
XBBJ,JAKARTA FUTURES EXCHANGE (BURSA BERJANGKA JAKARTA),ID,INDONESIA,JAKARTA,BBJ,June 2005,Active
XBBK,PERIMETER FINANCIAL CORP. - BLOCKBOOK ATS,CA,CANADA,TORONTO,,May 2008,Active
XBCC,BOLSA DE COMERCIO DE CORBODA,AR,ARGENTINA,CORDOBA, ,August 2006,Active
XBCL,LA BOLSA ELECTRONICA DE CHILE,CL,CHILE,SANTIAGO,BOLCHILE,June 2005,Active
XBCM,BOLSA DE COMMERCIO DE MENDOZA S.A.,AR,ARGENTINA,MENDOZA, ,June 2005,Active
XBCV,BOLSA CENTROAMERICANA DE VALORES S.A.,HN,HONDURAS,TEGUCIGALPA,BCV,June 2005,Active
XBCX,MERCADO DE VALORES DE MENDOZA,AR,ARGENTINA,MENDOZA, ,November 2007,Active
XBDA,BERMUDA STOCK EXCHANGE LTD,BM,BERMUDA,HAMILTON,BSX,June 2005,Active
XBEL,BELGRADE STOCK EXCHANGE,RS,SERBIA (REPUBLIC OF),BELGRADE, ,June 2005,Active
XBER,BOERSE BERLIN,DE,GERMANY,BERLIN, ,September 2007,Active
XBES,BOND EXCHANGE OF SOUTH AFRICA,ZA,SOUTH AFRICA,JOHANNESBURG,BESA,June 2005,Active
XBEY,BOURSE DE BEYROUTH - BEIRUT STOCK EXCHANGE,LB,LEBANON,BEIRUT, ,April 2009,Active
XBIL,BOLSA DE VALORES DE BILBAO,ES,SPAIN,BILBAO, ,June 2005,Active
XBKF,STOCK EXCHANGE OF THAILAND - FOREIGN BOARD,TH,THAILAND,BANGKOK,SET,June 2005,Active
XBKK,STOCK EXCHANGE OF THAILAND,TH,THAILAND,BANGKOK,SET,June 2005,Active
XBLB,BANJA LUKA STOCK EXCHANGE,BA,BOSNIA AND HERZEGOVINA,BANJA LUKA, ,October 2005,Active
XBLN,BLUENEXT - MTF,FR,FRANCE,PARIS,,June 2008,Active
XBMF,BOLSA DE MERCADORIAS E FUTUROS,BR,BRAZIL,SAO PAULO,BM&F,June 2005,Active
XBNV,BOLSA NACIONAL DE VALORES S.A.,CR,COSTA RICA,SAN JOSE,BNV,June 2005,Active
XBOG,BOLSA DE VALORES DE COLOMBIA,CO,COLOMBIA,BOGOTA,BVC,June 2005,Active
XBOL,BOLSA BOLIVIANA DE VALORES S.A.,BO,BOLIVIA,LA PAZ, ,June 2005,Active
XBOM,MUMBAI STOCK EXCHANGE,IN,INDIA,MUMBAI,MSE,June 2005,Active
XBOS,NASDAQ OMX BX,US,UNITED STATES OF AMERICA,BOSTON,BSE,February 2009,Active
XBOT,BOTSWANA STOCK EXCHANGE,BW,BOTSWANA,GABORONO, ,June 2005,Active
XBOX,BOSTON OPTIONS EXCHANGE,US,UNITED STATES OF AMERICA,BOSTON,BOX,June 2005,Active
XBRA,BRATISLAVA STOCK EXCHANGE,SK,SLOVAKIA,BRATISLAVA,BSSE,June 2005,Active
XBRD,NYSE EURONEXT - EURONEXT BRUSSELS - DERIVATIVES,BE,BELGIUM,BRUSSELS, ,November 2007,Active
XBRM,ROMANIAN  COMMODITIES EXCHANGE,RO,ROMANIA,BUCHAREST,BRM,June 2005,Active
XBRN,BERNE STOCK EXCHANGE,CH,SWITZERLAND,BERNE, ,June 2005,Active
XBRT,BRUT ECN,US,UNITED STATES OF AMERICA,NEW YORK,BRUT,June 2005,Active
XBRU,NYSE EURONEXT - EURONEXT BRUSSELS,BE,BELGIUM,BRUSSELS, ,June 2005,Active
XBRV,BOURSE REGIONALE DES VALEURS MOBILIERES,CI,IVORY COAST,ABIDJAN,BRVM,June 2005,Active
XBSD,DERIVATIVES REGULATED MARKET - BVB,RO,ROMANIA,BUCHAREST,REGF,January 2008,Active
XBSE,SPOT REGULATED MARKET - BVB,RO,ROMANIA,BUCHAREST,REGS,January 2008,Active
XBSP,BOLSA DE VALORES DE SAO PAULO,BR,BRAZIL,SAO PAULO,BOVESPA,June 2005,Active
XBUD,BUDAPEST STOCK EXCHANGE,HU,HUNGARY,BUDAPEST, ,June 2005,Active
XBUE,BUENOS AIRES STOCK EXCHANGE,AR,ARGENTINA,BUENOS AIRES, ,June 2005,Active
XBUL,BULGARIAN STOCK EXCHANGE,BG,BULGARIA,SOFIA,BSE,June 2005,Active
XBVC,CAPE VERDE STOCK EXCHANGE,CV,CAPE VERDE,PRAIA,BVC,November 2005,Active
XBVR,BOLSA DE VALORES DE LA REPUBLICA DOMINICANA SA.,DO,DOMINICAN REPUBLIC,ST DOMINGO,BVRD,June 2005,Active
XCAI,EGYPTIAN EXCHANGE,EG,EGYPT,CAIRO,CASE,August 2008,Active
XCAL,CALCUTTA STOCK EXCHANGE,IN,INDIA,CALCUTTA, ,June 2005,Active
XCAR,BOLSA DE VALORES DE CARACAS,VE,VENEZUELA,CARACAS, ,June 2005,Active
XCAS,CASABLANCA STOCK EXCHANGE,MA,MOROCCO,CASABLANCA, ,June 2005,Active
XCAY,CAYMAN ISLANDS STOCK EXCHANGE,KY,CAYMAN ISLANDS,GEORGETOWN, ,June 2005,Active
XCBF,CBOE FUTURES EXCHANGE,US,UNITED STATES OF AMERICA,CHICAGO,CFE,July 2008,Active
XCBO,CHICAGO BOARD OPTIONS EXCHANGE,US,UNITED STATES OF AMERICA,CHICAGO,CBOE,July 2008,Active
XCBT,CHICAGO BOARD OF TRADE,US,UNITED STATES OF AMERICA,CHICAGO,CBOT,June 2005,Active
XCCX,CHICAGO CLIMATE EXCHANGE INC,US,UNITED STATES OF AMERICA,CHICAGO,CCX,June 2005,Active
XCDE,BAXTER FINANCIAL SERVICES,IE,IRELAND,DUBLIN,,May 2008,Active
XCEC,COMMODITIES EXCHANGE CENTER,US,UNITED STATES OF AMERICA,NEW YORK,COMEX,June 2005,Active
XCET,UZBEK COMMODITY EXCHANGE,UZ,UZBEKISTAN,TASHKENT, ,September 2007,Active
XCFE,CHINA FOREIGN EXCHANGE TRADE SYSTEM ,CN,CHINA,SHANGHAI,CFETS,June 2005,Active
XCFF,CANTOR FINANCIAL FUTURES EXCHANGE,US,UNITED STATES OF AMERICA,NEW YORK,CANTOR,June 2005,Active
XCGS,CHINESE GOLD & SILVER EXCHANGE SOCIETY,HK,HONG KONG,HONG KONG, ,April 2006,Active
XCHG,CHITTAGONG STOCK EXCHANGE LTD.,BD,BANGLADESH ,CHITTAGONG,CSE,June 2005,Active
XCHI,CHICAGO STOCK EXCHANGE INC,US,UNITED STATES OF AMERICA,CHICAGO,CHX,June 2005,Active
XCIE,CHANNEL ISLANDS STOCK EXCHANGE,GG,GUERNSEY C.I.,ST.  PETER PORT,CISX,June 2005,Active
XCIS,NATIONAL STOCK EXCHANGE,US,UNITED STATES OF AMERICA,CHICAGO, ,June 2005,Active
XCME,CHICAGO MERCANTILE EXCHANGE,US,UNITED STATES OF AMERICA,CHICAGO,CME,June 2005,Active
XCNF,BOLSA DE COMERCIO CONFEDERADA S.A.,AR,ARGENTINA,CORRIENTES,BCC,November 2007,Active
XCNQ,CANADIAN NATIONAL STOCK EXCHANGE,CA,CANADA,TORONTO,CNSX,April 2009,Active
XCOL,COLOMBO STOCK EXCHANGE,LK,SRI LANKA,COLOMBO, ,June 2005,Active
XCOR,ICMA,GB,UNITED KINGDOM,LONDON, ,September 2006,Active
XCSE,OMX NORDIC EXCHANGE COPENHAGEN A/S,DK,DENMARK,COPENHAGEN, ,September 2007,Active
XCUE,UZBEKISTAN REPUBLICAN CURRENCY EXCHANGE,UZ,UZBEKISTAN,TASHKENT, ,June 2005,Active
XCUR,CURRENEX,US,UNITED STATES OF AMERICA,NEW YORK,,February 2009,Active
XCYO,CYPRUS STOCK EXCHANGE - OTC,CY,CYPRUS,NICOSIA (LEFKOSIA),,October 2009,Active
XCYS,CYPRUS STOCK EXCHANGE,CY,CYPRUS,NICOSIA (LEFKOSIA),CSE,June 2005,Active
XDAR,DAR ES  SALAAM STOCK EXCHANGE,TZ,TANZANIA,DAR ES SALAAM, ,June 2005,Active
XDCE,DALIAN COMMODITY EXCHANGE,CN,CHINA,DALIAN,DCE,June 2005,Active
XDES,DELHI STOCK EXCHANGE,IN,INDIA,DELHI, ,June 2005,Active
XDFB,DONETSK STOCK EXCHANGE,UA,UKRAINE,DONETSK,DFB,June 2006,Active
XDFM,DUBAI FINANCIAL MARKET,AE,UNITED ARAB EMIRATES ,DUBAI,DFM,June 2005,Active
XDHA,DHAKA STOCK EXCHANGE LTD,BD,BANGLADESH ,DHAKA,DSE,June 2005,Active
XDMI,ITALIAN DERIVATIVES MARKET,IT,ITALY,MILANO,IDEM,June 2005,Active
XDPA,CADE - MERCADO DE DEUDA PUBLICA ANOTADA,ES,SPAIN,MADRID, ,June 2005,Active
XDRF,AIAF - MERCADO DE RENTA FIJA,ES,SPAIN,MADRID, ,June 2005,Active
XDSE,DAMASCUS SECURITIES EXCHANGE,SY,SYRIAN ARAB REPUBLIC,DAMASCUS,,February 2009,Active
XDSX,DOUALA STOCK EXCHANGE,CM,CAMEROON,DOUALA,,May 2008,Active
XDUB,IRISH STOCK EXCHANGE - MAIN MARKET,IE,IRELAND,DUBLIN,ISE,October 2007,Active
XDUS,BOERSE DUESSELDORF,DE,GERMANY,DUESSELDORF, ,September 2007,Active
XECM,MTF - CYPRUS EXCHANGE,CY,CYPRUS,NICOSIA,,May 2009,Active
XECS,EASTERN CARIBBEAN SECURITIES EXCHANGE,KN,SAINT KITTS AND NEVIS,BASSETERRE,ECSE,June 2005,Active
XEDX,EDX LONDON LIMITED,GB,UNITED KINGDOM,LONDON, ,June 2005,Active
XEEE,EUROPEAN ENERGY EXCHANGE AG,DE,GERMANY,FRANKFURT, ,June 2005,Active
XELX,ELX,US,UNITED STATES OF AMERICA,NEW YORK,,June 2009,Active
XEMD,MERCADO MEXICANO DE DERIVADOS,MX,MEXICO,MEXICO,MEXDER,June 2005,Active
XEQT,BOERSE BERLIN EQUIDUCT TRADING,DE,GERMANY,BERLIN,,May 2008,Active
XETA,XETRA - REGULIERTER MARKT,DE,GERMANY,FRANKFURT,XETRA,March 2008,Active
XETB,XETRA - FREIVERKEHR,DE,GERMANY,FRANKFURT,XETRA,March 2008,Active
XETC,XETRA INTERNATIONAL MARKET - REGULATED MARKET,DE,GERMANY,FRANKFURT,,June 2009,Active
XETD,XETRA INTERNATIONAL MARKET - OPEN MARKET,DE,GERMANY,FRANKFURT,,June 2009,Active
XETI,XETRA INTERNATIONAL MARKET,DE,GERMANY,FRANKFURT,,June 2009,Active
XETR,XETRA,DE,GERMANY,FRANKFURT,XETRA,June 2005,Active
XEUB,EUREX BONDS,DE,GERMANY,FRANKFURT, ,June 2005,Active
XEUC,EURONEXT COM COMMODITIES FUTURES AND OPTIONS,NL,THE NETHERLANDS,AMSTERDAM, ,June 2005,Active
XEUE,EURONEXT EQF EQUITIES AND INDICES DERIVATIVES,NL,THE NETHERLANDS,AMSTERDAM, ,June 2005,Active
XEUI,EURONEXT IRF INTEREST RATE FUTURE AND OPTIONS,NL,THE NETHERLANDS,AMSTERDAM, ,June 2005,Active
XEUP,EUREX REPO GMBH,DE,GERMANY,FRANKFURT, ,November 2005,Active
XEUR,EUREX DEUTSCHLAND,DE,GERMANY,FRANKFURT, ,June 2005,Active
XFCI,FINANCIALCONTENT INDEXES,US,UNITED STATES OF AMERICA,FOSTER CITY,,February 2009,Active
XFKA,FUKUOKA STOCK EXCHANGE,JP,JAPAN,FUKUOKA, ,June 2005,Active
XFND,FIRST NORTH DENMARK,DK,DENMARK,COPENHAGEN, ,November 2007,Active
XFNX,FINEX (NEW YORK AND DUBLIN),IE,IRELAND,DUBLIN,FINEX,June 2005,Active
XFRA,DEUTSCHE BOERSE AG,DE,GERMANY,FRANKFURT, ,June 2005,Active
XGAT,TRADEGATE EXCHANGE - FREIVERKEHR,DE,GERMANY,BERLIN, ,February 2010,Active
XGEM,HONG KONG GROWTH ENTERPRISES MARKET,HK,HONG KONG,HONG KONG,HK GEM,June 2005,Active
XGFI,GFI BASISMATCH,GB,UNITED KINGDOM,LONDON,,September 2008,Active
XGHA,GHANA STOCK EXCHANGE,GH,GHANA,ACCRA, ,June 2005,Active
XGME,GESTORE MERCATO ELETTRICO - ITALIAN POWER EXCHANGE,IT,ITALY,ROMA,IPEX/GME,April 2009,Active
XGRM,TRADEGATE EXCHANGE - REGULIERTER MARKT,DE,GERMANY,BERLIN, ,February 2010,Active
XGSE,GEORGIA STOCK EXCHANGE,GE,GEORGIA,TBILISI,GSE,June 2005,Active
XGTG,BOLSA DE VALORES NACIONAL SA,GT,GUATEMALA,GUATEMALA, ,June 2005,Active
XGUA,GUAYAQUIL STOCK EXCHANGE,EC,ECUADOR,GUAYAQUIL, ,June 2005,Active
XHAM,HANSEATISCHE WERTPAPIERBOERSE HAMBURG,DE,GERMANY,HAMBURG, ,June 2005,Active
XHAN,NIEDERSAECHSISCHE BOERSE ZU HANNOVER,DE,GERMANY,HANNOVER,,June 2005,Active
XHCE,RISK MANAGEMENT EXCHANGE,DE,GERMANY,HANNOVER,RMX,June 2007,Active
XHEL,OMX NORDIC EXCHANGE HELSINKI OY,FI,FINLAND,HELSINKI, ,September 2007,Active
XHER,NIPPON NEW MARKET - HERCULES,JP,JAPAN,OSAKA,HERCULES,June 2005,Active
XHFT,NYSE ARCA EUROPE,NL,THE NETHERLANDS,AMSTERDAM,NYSE,December 2008,Active
XHKF,HONG KONG FUTURES EXCHANGE LTD.,HK,HONG KONG,HONG KONG,HKFE,June 2005,Active
XHKG,STOCK EXCHANGE OF HONG KONG LTD,HK,HONG KONG,HONG KONG,SEHK,June 2005,Active
XHNX,HANOI STOCK EXCHANGE (UNLISTED PUBLIC COMPANY TRADING PLATFORM),VN,VIET NAM,HANOI,UPCOM,July 2009,Active
XIAB,ISTANBUL GOLD EXCHANGE,TR,TURKEY,ISTANBUL,IAB,June 2006,Active
XIBE,BAKU INTERBANK CURRENCY EXCHANGE,AZ,AZERBAIJAN ,BAKU, ,June 2005,Active
XICE,OMX NORDIC EXCHANGE ICELAND HF.,IS,ICELAND,REYKJAVIK,ICEX,September 2007,Active
XIDX,INDONESIA STOCK EXCHANGE,ID,INDONESIA,JAKARTA,IDX,April 2008,Active
XIEX,IRISH ENTERPRISE EXCHANGE,IE,IRELAND,DUBLIN,IEX,August 2007,Active
XIHK,INSTINET PACIFIC LTD,HK,HONG KONG,HONG KONG,,February 2009,Active
XIJP,INSTINET JAPAN,JP,JAPAN,TOKYO,,January 2009,Active
XIMA,INTERNATIONAL MARTIME EXCHANGE,NO,NORWAY,OLSO,IMAREX,June 2006,Active
XIMC,MULTI COMMODITY EXCHANGE OF INDIA LTD.,IN,INDIA,MUMBAI,MCX,April 2006,Active
XIMM,INTERNATIONAL MONETARY MARKET,US,UNITED STATES OF AMERICA,CHICAGO, ,June 2005,Active
XINV,INVESTRO,DE,GERMANY,FRANKFURT,,October 2008,Active
XIOM,INDEX AND OPTIONS MARKET,US,UNITED STATES OF AMERICA,CHICAGO,IOM,June 2005,Active
XIQS,IRAK STOCK EXCHANGE,IQ,IRAK,BAGHDAD,ISX,September 2006,Active
XISA,INTERNATIONAL SECURITIES EXCHANGE LLC -  ALTERNATIVE MARKETS,US,UNITED STATES OF AMERICA,NEW YORK,ISE,June 2008,Active
XISE,INTERNATIONAL SECURITIES EXCHANGE LLC - EQUITIES,US,UNITED STATES OF AMERICA,NEW YORK,ISE,June 2008,Active
XISL,ISLAMABAD STOCK EXCHANGE,PK,PAKISTAN,ISLAMABAD,ISE,June 2005,Active
XIST,ISTANBUL STOCK EXCHANGE,TR,TURKEY,ISTANBUL,ISE,June 2005,Active
XISX,INTERNATIONAL SECURITIES EXCHANGE LLC,US,UNITED STATES OF AMERICA,NEW YORK,ISE,June 2005,Active
XJAM,JAMAICA STOCK EXCHANGE,JM,JAMAICA,KINGSTON, ,June 2005,Active
XJAS,JASDAQ SECURITIES EXCHANGE,JP,JAPAN,TOKYO,JASDAQ,June 2005,Active
XJNB,JAKARTA NEGOTIATED BOARD,ID,INDONESIA,JAKARTA, ,June 2005,Active
XJSE,JSE SECURITIES EXCHANGE,ZA,SOUTH AFRICA,JOHANNESBURG,JSE,June 2005,Active
XKAC,KANSAI COMMODITIES EXCHANGE,JP,JAPAN,OSAKA,KANEX,June 2005,Active
XKAR,KARACHI STOCK EXCHANGE (GUARANTEE) LIMITED,PK,PAKISTAN,KARACHI,KSE,June 2005,Active
XKAZ,KAZAKHSTAN STOCK EXCHANGE,KZ,KAZAKHSTAN,ALMA-ATA,KAZE,June 2005,Active
XKBT,KANSAS CITY BOARD OF TRADE,US,UNITED STATES OF AMERICA,KANSAS CITY,KCBT,June 2005,Active
XKCE,KHOREZM INTERREGION COMMODITY EXCHANGE,UZ,UZBEKISTAN,TASHKENT, ,June 2005,Active
XKFE,KOREA EXCHANGE (FUTURES MARKET),KR,KOREA, REPUBLIC OF SEOUL,KRX FM,July 2008,Active
XKHA,KHARTOUM STOCK EXCHANGE,SD,SUDAN,KHARTOUM,KSE,June 2005,Active
XKHR,KHARKOV COMMODITY EXCHANGE,UA,UKRAINE,KHARKOV, ,June 2005,Active
XKIE,KIEV UNIVERSAL EXCHANGE,UA,UKRAINE,KIEV, ,June 2005,Active
XKIS,KIEV INTERNATIONAL STOCK EXCHANGE,UA,UKRAINE,KIEV,KISE,June 2006,Active
XKLS,BURSA MALAYSIA,MY,MALAYSIA,KUALA LUMPUR, ,June 2005,Active
XKOS,KOREA EXCHANGE (KOSDAQ),KR,KOREA, REPUBLIC OF SEOUL,KOSDAQ,November 2006,Active
XKRX,KOREA EXCHANGE (STOCK MARKET),KR,KOREA, REPUBLIC OF SEOUL,KRX SM,July 2008,Active
XKSE,KYRGYZ STOCK EXCHANGE,KG,KYRGYZSTAN,BISHKEK,KSE,March 5th 2007,Active
XKUW,KUWAIT STOCK EXCHANGE,KW,KUWAIT,KUWAIT, ,March 5th 2007,Active
XLAH,LAHORE STOCK EXCHANGE,PK,PAKISTAN,LAHORE,LSE,June 2005,Active
XLAT,LATIBEX,ES,SPAIN,MADRID, ,June 2005,Active
XLBM,LONDON BULLION MARKET,GB,UNITED KINGDOM,LONDON, ,June 2005,Active
XLDN,NYSE EURONEXT - EURONEXT LONDON,GB,UNITED KINGDOM,LONDON,,March 2010,Active
XLFX,LABUAN INTERNATIONAL FINANCIAL EXCHANGE,MY,MALAYSIA,LABUAN,LFX,June 2005,Active
XLIF,NYSE EURONEXT LIFFE,GB,UNITED KINGDOM,LONDON, ,June 2005,Active
XLIM,BOLSA DE VALORES DE LIMA,PE,PERU,LIMA,BVL,June 2005,Active
XLIS,NYSE EURONEXT - EURONEXT LISBON,PT,PORTUGAL,LISBOA, ,June 2005,Active
XLIT,NASDAQ OMX VILNIUS,LT,LITHUANIA,VILNIUS, ,October 2009,Active
XLJU,LJUBLJANA STOCK EXCHANGE (OFFICIAL MARKET),SI,SLOVENIA,LJUBLJANA, ,June 2005,Active
XLME,LONDON METAL EXCHANGE,GB,UNITED KINGDOM,LONDON,LME,June 2005,Active
XLON,LONDON STOCK EXCHANGE,GB,UNITED KINGDOM,LONDON,LSE,June 2005,Active
XLSM,LIBYAN STOCK MARKET,LY,LIBYAN ARAB JAMAHIRIYA,TRIPOLI,,May 2009,Active
XLUS,LUSAKA STOCK EXCHANGE,ZM,ZAMBIA,LUSAKA, ,June 2005,Active
XLUX,LUXEMBOURG STOCK EXCHANGE,LU,LUXEMBOURG,LUXEMBOURG, ,June 2005,Active
XMAB,MERCADO ABIERTO ELECTRONICO S.A.,AR,ARGENTINA,BUENOS AIRES,MAE,June 2005,Active
XMAD,BOLSA DE MADRID,ES,SPAIN,MADRID, ,June 2005,Active
XMAE,MACEDONIAN STOCK EXCHANGE,MK,MACEDONIA,SKOPJE, ,June 2005,Active
XMAL,MALTA STOCK EXCHANGE,MT,MALTA,VALLETTA, ,June 2005,Active
XMAN,BOLSA DE VALORES DE NICARAGUA,NI,NICARAGUA,MANAGUA, ,June 2005,Active
XMAP,MAPUTO STOCK  EXCHANGE,MZ,MOZAMBIQUE,MAPUTO, ,June 2005,Active
XMAT,EURONEXT PARIS MATIF,FR,FRANCE,PARIS, ,June 2005,Active
XMAU,STOCK EXCHANGE OF MAURITIUS LTD,MU,MAURITIUS,PORT LOUIS, ,June 2005,Active
XMCE,MERCADO CONTINUO ESPANOL,ES,SPAIN,MADRID,SIBE,November 2007,Active
XMDG,MARCHE INTERBANCAIRE DES DEVISES M.I.D.,MG,MADAGASCAR,ANTANANARIVO, ,June 2005,Active
XMDS,MADRAS STOCK EXCHANGE,IN,INDIA,MADRAS, ,June 2005,Active
XMEF,MEFF RENTA FIJA,ES,SPAIN,BARCELONA,MEFF,June 2005,Active
XMER,MERCHANTS' EXCHANGE,US,UNITED STATES OF AMERICA,CHICAGO,ME,June 2005,Active
XMEV,MERCADO DE VALORES DE BUENOS AIRES S.A.,AR,ARGENTINA,BUENOS AIRES,MERVAL,June 2005,Active
XMEX,BOLSA MEXICANA DE VALORES (MEXICAN STOCK EXCHANGE),MX,MEXICO,MEXICO, ,June 2005,Active
XMGE,MINNEAPOLIS GRAIN EXCHANGE,US,UNITED STATES OF AMERICA,MINNEAPOLIS,MGE,June 2005,Active
XMIC,MOSCOW INTERBANK CURRENCY EXCHANGE,RU,RUSSIA,MOSCOW,MICEX,June 2005,Active
XMLI,NYSE EURONEXT - MARCHE LIBRE PARIS,FR,FRANCE,PARIS, ,June 2006,Active
XMNT,BOLSA DE VALORES DE MONTEVIDEO,UY,URUGUAY,MONTEVIDEO,BVMT,June 2005,Active
XMNX,MONTENEGRO STOCK EXCHANGE,ME,MONTENEGRO, REPUBLIC OF MONTENEGRO, ,December 2006,Active
XMOC,MONTREAL CLIMATE EXCHANGE,CA,CANADA,MONTREAL,,July 2008,Active
XMOD,THE MONTREAL EXCHANGE / BOURSE DE MONTREAL,CA,CANADA,MONTREAL,CDE,June 2005,Active
XMOL,MOLDOVA STOCK EXCHANGE,MD,MOLDOVA, REPUBLIC OF CHISINAU, ,June 2005,Active
XMON,EURONEXT PARIS MONEP,FR,FRANCE,PARIS, ,June 2005,Active
XMOS,MOSCOW STOCK EXCHANGE,RU,RUSSIA,MOSCOW,MSE,November 2007,Active
XMOT,EXTRAMOT,IT,ITALY,MILAN,,July 2009,Active
XMRV,MEFF RENTA VARIABLE,ES,SPAIN,BARCELONA,MEFF,June 2005,Active
XMSW,MALAWI STOCK EXCHANGE,MW,MALAWI,BLANTYRE, ,June 2005,Active
XMTB,MERCADO A TERMINO DE BUENOS AIRES S.A.,AR,ARGENTINA,BUENOS AIRES,MAT,June 2005,Active
XMUN,BOERSE MUENCHEN,DE,GERMANY,MUENCHEN, ,September 2007,Active
XMUS,MUSCAT SECURITIES MARKET,OM,OMAN,MUSCAT,MSM,June 2005,Active
XMVL,MERCADO DE VALORES DEL LITORAL,AR,ARGENTINA,SANTA FE,,November 2007,Active
XNAF,SISTEMA ESPANOL DE NEGOCIACION DE ACTIVOS FINANCIEROS,ES,SPAIN,MADRID,SENAF,June 2007,Active
XNAI,NAIROBI STOCK EXCHANGE,KE,KENYA,NAIROBI, ,June 2005,Active
XNAM,NAMIBIAN STOCK EXCHANGE,NA,NAMIBIA,WINDHOEK, ,June 2005,Active
XNAS,NASDAQ,US,UNITED STATES OF AMERICA,NEW YORK,NASDAQ,June 2005,Active
XNCD,NATIONAL COMMODITY & DERIVATIVES EXCHANGE LTD,IN,INDIA,MUMBAI,NCDEX,April 2006,Active
XNCM,NASDAQ CAPITAL MARKET,US,UNITED STATES OF AMERICA,NEW YORK,,February 2008,Active
XNCO,NEW CONNECT,PL,POLAND,WARSZAWA,,January 2008,Active
XNDQ,NASDAQ OPTIONS MARKET,US,UNITED STATES OF AMERICA,NEW YORK, ,May 2007,Active
XNDX,NORDIC DERIVATIVES EXCHANGE,SE,SWEDEN,STOCKHOLM,NDX,March 2008,Active
XNEC,NATIONAL STOCK EXCHANGE OF AUSTRALIA LIMITED,AU,AUSTRALIA,NEWCASTLE,NSXA,June 2007,Active
XNEP,NEPAL STOCK EXCHANGE,NP,NEPAL,KATHMANDU, ,June 2005,Active
XNEW,NEWEX,DE,GERMANY,FRANKFURT,NEWEX,September 2006,Active
XNGM,NORDIC GROWTH MARKET,SE,SWEDEN,STOCKHOLM,NGM,June 2005,Active
XNGO,NAGOYA STOCK EXCHANGE,JP,JAPAN,NAGOYA,NSE,June 2005,Active
XNGS,NASDAQ/NGS (GLOBAL SELECT MARKET),US,UNITED STATES OF AMERICA,NEW YORK,NGS,July 2006,Active
XNIM,NASDAQ INTERMARKET,US,UNITED STATES OF AMERICA,NEW YORK,,February 2008,Active
XNKS,CENTRAL JAPAN COMMODITIES EXCHANGE,JP,JAPAN,NAGOYA,C-COM,June 2005,Active
XNLI,NYSE LIFFE,US,UNITED STATES OF AMERICA,NEW YORK,,September 2008,Active
XNMR,NORDIC MTF REPORTING,SE,SWEDEN,STOCKHOLM,,April 2008,Active
XNMS,NASDAQ/NMS (GLOBAL MARKET),US,UNITED STATES OF AMERICA,NEW YORK, ,June 2005,Active
XNSA,NIGERIAN STOCK EXCHANGE,NG,NIGERIA,LAGOS, ,June 2005,Active
XNSE,NATIONAL STOCK EXCHANGE OF INDIA,IN,INDIA,MUMBAI,NSE,June 2005,Active
XNYE,NEW YORK MERCANTILE EXCHANGE - OTC MARKETS,US,UNITED STATES OF AMERICA,NEW YORK,NYMEX ECM,May 2008,Active
XNYL,NEW YORK MERCANTILE EXCHANGE - ENERGY MARKETS,US,UNITED STATES OF AMERICA,NEW YORK,NYMEX MTF LIMITED,May 2008,Active
XNYM,NEW YORK MERCANTILE EXCHANGE,US,UNITED STATES OF AMERICA,NEW YORK,NYMEX,June 2005,Active
XNYS,NEW YORK STOCK EXCHANGE INC.,US,UNITED STATES OF AMERICA,NEW YORK,NYSE,Before June 2005,Active
XNZE,NEW ZEALAND EXCHANGE LTD,NZ,NEW ZEALAND,WELLINGTON,NZX,June 2005,Active
XOAM,OSLO BORS ALTERNATIVE BOND MARKET,NO,NORWAY,OLSO,ABM,November 2007,Active
XOAS,OSLO AXESS,NO,NORWAY,OLSO, ,February 2007,Active
XOCH,ONECHICAGO LLC,US,UNITED STATES OF AMERICA,CHICAGO, ,June 2005,Active
XODE,ODESSA COMMODITY EXCHANGE,UA,UKRAINE,ODESSA, ,June 2005,Active
XOPV,OMX OTC PUBLICATION VENUE,SE,SWEDEN,STOCKHOLM, ,November 2007,Active
XOSE,OSAKA SECURITIES EXCHANGE,JP,JAPAN,OSAKA,OSE,June 2005,Active
XOSJ,OSAKA SECURITIES EXCHANGE J-NET,JP,JAPAN,OSAKA,J-NET,January 2006,Active
XOSL,OSLO BORS ASA,NO,NORWAY,OLSO, ,June 2005,Active
XOTC,OTC BULLETIN BOARD,US,UNITED STATES OF AMERICA,WASHINGTON,OTCBB,June 2005,Active
XPAE,PALESTINE SECURITIES EXCHANGE,PS,PALESTINIAN TERRITORY OCCUPIED,NABLUS,PSE,June 2005,Active
XPAR,NYSE EURONEXT - EURONEXT PARIS,FR,FRANCE,PARIS, ,June 2005,Active
XPBT,NASDAQ OMX FUTURES EXCHANGE,US,UNITED STATES OF AMERICA,PHILADELPHIA,NFX,March 2009,Active
XPET,STOCK EXCHANGE SAINT PETERSBURG ,RU,RUSSIA,SAINT-PETERSBURG,SPBEX,November 2007,Active
XPHL,NASDAQ OMX PHLX,US,UNITED STATES OF AMERICA,PHILADELPHIA,PHLX,February 2009,Active
XPHO,PHILADELPHIA OPTIONS EXCHANGE,US,UNITED STATES OF AMERICA,PHILADELPHIA, ,June 2005,Active
XPHS,PHILIPPINE STOCK EXCHANGE INC.,PH,PHILIPPINE,PASIG CITY,PSE,June 2005,Active
XPIC,SAINT-PETERSBURG CURRENCY EXCHANGE,RU,RUSSIA,SAINT-PETERSBURG,SPSEX,June 2005,Active
XPIN,UBS PIN ATS,US,UNITED STATES OF AMERICA,STAMFORD,,June 2008,Active
XPLU,PLUS MARKETS,GB,UNITED KINGDOM,LONDON,,March 2006,Active
XPOM,PORT MORESBY STOCK EXCHANGE,PG,PAPUA NEW GUINEA,PORT MORESBY, ,June 2005,Active
XPOR,PORTAL,US,UNITED STATES OF AMERICA,WASHINGTON, ,October 2007,Active
XPOS,POSIT,IE,IRELAND,DUBLIN,POSIT,July 2007,Active
XPOW,POWERNEXT,FR,FRANCE,PARIS, ,June 2005,Active
XPRA,THE PRAGUE STOCK EXCHANGE,CZ,CZECH REPUBLIC ,PRAGUE,PSE,November 2007,Active
XPRI,PRIDNEPROVSK COMMODITY EXCHANGE,UA,UKRAINE,PRIDNEPROVSK, ,June 2005,Active
XPTY,BOLSA DE VALORES DE PANAMA S.A.,PA,PANAMA,PANAMA,BVP,June 2005,Active
XPXE,PRAGUE ENERGY EXCHANGE,CZ,CZECH REPUBLIC,PRAGUE,PXE,April 2009,Active
XQMH,SCOACH SWITZERLAND,CH,SWITZERLAND,ZURICH, ,October 2007,Active
XQUI,QUITO STOCK EXCHANGE,EC,ECUADOR,QUITO, ,June 2005,Active
XRAS,RASDAQ,RO,ROMANIA,BUCHAREST,RASDAQ,June 2005,Active
XRBM,RINGGIT BOND MARKET,MY,MALAYSIA,KUALA LUMPUR,RBM,June 2005,Active
XRIS,NASDAQ OMX RIGA,LV,LATVIA,RIGA, ,October 2009,Active
XRMO,RM-SYSTEM (MOS),CZ,CZECH REPUBLIC ,PRAGUE,RMS CZ,June 2009,Active
XRMZ,RM-SYSTEM A.S.,CZ,CZECH REPUBLIC ,PRAGUE,RMS CZ,October 2005,Active
XROS,BOLSA DE COMERCIO ROSARIO,AR,ARGENTINA,ROSARIO,ROFEX,June 2005,Active
XROV,REGIONAL EXCHANGE CENTRE -  MICEX SOUTH,RU,RUSSIA,ROSTOV,MICEX SOUTH,November 2007,Active
XROX,MERCADO DE VALORES DE ROSARIO,AR,ARGENTINA,ROSARIO,ROFEX,November 2007,Active
XRPM,ROMANIAN POWER MARKET,RO,ROMANIA,BUCHAREST,,April 2009,Active
XRTR,RTR (REUTERS-REALTIME-DATEN),DE,GERMANY,FRANKFURT,RTR,June 2005,Active
XRUS,INTERNET DIRECT-ACCESS EXCHANGE,RU,RUSSIA,MOSCOW,INDX,September 2007,Active
XSAF,SOUTH AFRICAN FUTURES EXCHANGE,ZA,SOUTH AFRICA,JOHANNESBURG,SAFEX,June 2005,Active
XSAM,SAMARA CURRENCY INTERBANK EXCHANGE,RU,RUSSIA,SAMARA,SCIEX,June 2005,Active
XSAP,SAPPORO SECURITIES EXCHANGE,JP,JAPAN,SAPPORO, ,June 2005,Active
XSAT,AKTIETORGET,SE,SWEDEN,STOCKHOLM, ,June 2007,Active
XSAU,SAUDI STOCK EXCHANGE,SA,SAUDI ARABIA,RIJAD, ,June 2005,Active
XSCA,SINGAPORE CATALIST MARKET,SG,SINGAPORE,SINGAPORE,,September 2008,Active
XSCE,SINGAPORE COMMODITY EXCHANGE,SG,SINGAPORE,SINGAPORE,SICOM,June 2005,Active
XSCL,SINGAPORE CENTRAL LIMIT ORDER BOOK INTERNATIONAL,SG,SINGAPORE,SINGAPORE,,September 2008,Active
XSES,SINGAPORE EXCHANGE,SG,SINGAPORE,SINGAPORE,SGX,June 2005,Active
XSFA,SOUTH AFRICAN FUTURES EXCHANGE - AGRICULTURAL MARKET DIVISION,ZA,SOUTH AFRICA,JOHANNESBURG,SAFEX,June 2005,Active
XSFE,ASX - SYDNEY FUTURES EXCHANGE LIMITED,AU,AUSTRALIA,SYDNEY,SFE,June 2005,Active
XSGE,SHANGHAI FUTURES EXCHANGE,CN,CHINA,SHANGHAI,SHFE,June 2005,Active
XSGO,SANTIAGO STOCK EXCHANGE,CL,CHILE,SANTIAGO, ,June 2005,Active
XSHE,SHENZHEN STOCK EXCHANGE,CN,CHINA,SHENZHEN, ,June 2005,Active
XSHG,SHANGHAI STOCK EXCHANGE,CN,CHINA,SHANGHAI, ,June 2005,Active
XSIB,SIBERIAN STOCK EXCHANGE,RU,RUSSIA,NOVOSIBIRSK,SIMEX,June 2005,Active
XSIC,SIBERIAN INTERBANK CURRENCY EXCHANGE,RU,RUSSIA,NOVOSIBIRSK,SICEX,June 2005,Active
XSIM,SINGAPORE EXCHANGE DERIVATIVES CLEARING LIMITED,SG,SINGAPORE,SINGAPORE,SGX-DT,June 2005,Active
XSMP,SMARTPOOL,GB,UNITED KINGDOM,LONDON,,September 2008,Active
XSOP,BSP REGIONAL ENERGY EXCHANGE - SOUTH POOL,SI,SLOVENIA,LJUBLJANA,,April 2009,Active
XSPS,SOUTH PACIFIC STOCK EXCHANGE,FJ,FIJI,SUVA,SPSE,June 2005,Active
XSRM,MERCADO DE FUTUROS DE ACEITE DE OLIVA S.A.,ES,SPAIN,JAEN,MFAO,June 2005,Active
XSSE,SARAJEVO STOCK EXCHANGE,BA,BOSNIA AND HERZEGOVINA,SARAJEVO,SASE,June 2007,Active
XSTC,HOCHIMINH STOCK EXCHANGE,VN,VIET NAM,HO CHI MINH CITY, ,December 2009,Active
XSTE,REPUBLICAN STOCK EXCHANGE,UZ,UZBEKISTAN,TASHKENT,UZSE,September 2007,Active
XSTO,OMX NORDIC EXCHANGE STOCKHOLM AB,SE,SWEDEN,STOCKHOLM,,November 2007,Active
XSTU,BOERSE STUTTGART,DE,GERMANY,STUTTGART, ,September 2007,Active
XSVA,EL SALVADOR STOCK EXCHANGE,SV,EL SALVADOR,EL SALVADOR, ,June 2005,Active
XSWA,SWAZILAND STOCK EXCHANGE,SZ,SWAZILAND,MBABANE,SSX,June 2005,Active
XSWB,SWX SWISS BLOCK,GB,UNITED KINGDOM,LONDON,,September 2008,Active
XSWX,SWISS EXCHANGE,CH,SWITZERLAND,ZURICH,SWX,June 2005,Active
XTAE,TEL AVIV STOCK EXCHANGE,IL,ISRAEL,TEL AVIV,TASE,June 2005,Active
XTAF,TAIWAN FUTURES EXCHANGE,TW,TAIWAN,TAIPEI,TAIFEX,June 2005,Active
XTAI,TAIWAN STOCK EXCHANGE,TW,TAIWAN,TAIPEI,TSEC,June 2005,Active
XTAL,NASDAQ OMX TALLINN,EE,ESTONIA,TALLINN, ,December 2009,Active
XTAM,TOKYO AIM,JP,JAPAN,TOKYO,,March 2009,Active
XTEH,TEHRAN STOCK EXCHANGE,IR,IRAN,TEHRAN,TSE,November 2007,Active
XTFF,TOKYO FINANCIAL  EXCHANGE,JP,JAPAN,TOKYO,TFX,September 2007,Active
XTIR,TIRANA STOCK EXCHANGE,AL,ALBANIA,TIRANA,,June 2005,Active
XTK1,TOKYO STOCK EXCHANGE - TOSTNET-1,JP,JAPAN,TOKYO, ,January 2006,Active
XTK2,TOKYO STOCK EXCHANGE - TOSTNET-2,JP,JAPAN,TOKYO, ,January 2006,Active
XTKO,TOKYO KOKUMOTSU SHOHIN TORIHIKIJO (GRAIN EXCHANGE),JP,JAPAN,TOKYO,TGE,June 2005,Active
XTKS,TOKYO STOCK EXCHANGE,JP,JAPAN,TOKYO,TSE,June 2005,Active
XTKT,TOKYO KOGYOIN TORIHIKIJO (COMMODITY EXCHANGE),JP,JAPAN,TOKYO,TOCOM,June 2005,Active
XTLX,TLX,IT,ITALY,MILANO, ,August 2007,Active
XTNX,TSX VENTURE EXCHANGE - NEX,CA,CANADA,VANCOUVER,NEX,June 2005,Active
XTPE,TULLETT PREBON ENERGYTRADE,GB,UNITED KINGDOM,LONDON,,April 2009,Active
XTRN,TRINIDAD AND TOBAGO STOCK EXCHANGE,TT,TRINIDAD AND TOBAGO,PORT OF SPAIN,TTSE,June 2005,Active
XTRZ,ZAGREB MONEY AND SHORT TERM SECURITIES MARKET INC,HR,CROATIA,ZAGREB, ,April 2007,Active
XTSE,TORONTO STOCK EXCHANGE,CA,CANADA,TORONTO,TSE,June 2005,Active
XTSX,TSX VENTURE EXCHANGE,CA,CANADA,TORONTO,TSX,June 2005,Active
XTUC,NUEVA BOLSA DE COMERCIO DE TUCUMAN S.A.,AR,ARGENTINA,TUCUMAN,,November 2007,Active
XTUN,BOURSE DE TUNIS,TN,TUNISIA,TUNIS,BVMT,September 2007,Active
XTUR,TURKISH DERIVATIVES EXCHANGE,TR,TURKEY,IZMIR,TURKDEX,November 2006,Active
XUAX,UKRAINIAN STOCK EXCHANGE,UA,UKRAINE,KIEV,UKRSE,February 2006,Active
XUGA,UGANDA SECURITIES EXCHANGE,UG,UGANDA,KAMPALA,USE,June 2005,Active
XUKR,UKRAINIAN UNIVERSAL COMMODITY EXCHANGE,UA,UKRAINE,KIEV, ,June 2005,Active
XULA,MONGOLIAN STOCK EXCHANGE,MN,MONGOLIA,ULAAN BAATAR, ,June 2005,Active
XUNI,UNIVERSAL BROKER'S EXCHANGE 'TASHKENT',UZ,UZBEKISTAN,TASHKENT, ,June 2005,Active
XVAL,BOLSA DE VALENCIA,ES,SPAIN,VALENCIA, ,June 2005,Active
XVES,VESTIMA+,LU,LUXEMBOURG,LUXEMBOURG, ,June 2005,Active
XVPA,BOLSA DE VALORES Y PRODUCTOS DE ASUNCION SA,PY,PARAGUAY,ASUNCION,BVPASA,June 2005,Active
XVTX,SIX SWISS EXCHANGE AG,CH,SWITZERLAND,ZURICH,,March 2010,Modified
XWAR,WARSAW STOCK EXCHANGE,PL,POLAND,WARSAW,WSE,June 2005,Active
XWBO,WIENER BOERSE AG,AT,AUSTRIA,VIENNA,,November 2008,Active
XWCE,INTERCONTINENTAL EXCHANGE - ICE FUTURES CANADA,CA,CANADA,WINNIPEG,ICE,March 2008,Active
XWEE,WEEDEN ATS,US,UNITED STATES OF AMERICA,GREENWICH,,April 2009,Active
XXXX,NO MARKET (EG UNLISTED),ZZ,ZZ, ,  ,October 2005,Active
XYIE,YIELDBROKER PTY LTD,AU,AUSTRALIA,SYDNEY, ,June 2005,Active
XZAG,ZAGREB STOCK EXCHANGE,HR,CROATIA,ZAGREB, ,June 2005,Active
XZAM,THE ZAGREB STOCK EXCHANGE MTF,HR,CROATIA,ZAGREB, ,September 2009,Active
XZCE,ZHENGZHOU COMMODITY EXCHANGE,CN,CHINA,ZHENGZHOU,ZCE,June 2005,Active
XZIM,ZIMBABWE STOCK EXCHANGE,ZW,ZIMBABWE,HARARE, ,June 2005,Active
YLDX,JSE YIELD-X,ZA,SOUTH AFRICA,JOHANNESBURG, ,June 2005,Active
ZOBX,ZOBEX,DE,GERMANY,BERLIN,ZOBEX,June 2005,Active
